Publicado,Dirección,Construcción,Terreno,Ant,Recamaras,Baños,Estacionamiento,Precio
Vivanuncios,"PRIVADA ALCAZABAResidencial Portal de Hierro, Ahome",209,209,0,3,3,2,4850000
Vivanuncios,"Morelos 743Los Mochis, Ahome",397,166,20,7,4,2,4800000
Vivanuncios,"Monte Verde 91Fraccionamiento Montebello, Ahome",275,144,5,4,4,2,4380000
Vivanuncios,"Avenida Cerro del MaviriFraccionamiento Versalles Residencial, Ahome",105,122,15,3,1,2,1980000
Vivanuncios,"2do. Rtno del ChiveroFraccionamiento Centro Plaza Mochis, Ahome",206,126,7,3,2,3,3300000
Vivanuncios,"Angel Flores 2159Fraccionamiento Las Fuentes, Ahome",249,308,25,4,3,1,3450000
Vivanuncios,"Fraccionamiento Las Villas Residencial, Ahome",210,192,5,3,3,2,6800000
Vivanuncios,"BLVD. VERACRUZFraccionamiento Real del Country, Ahome",210,180,0,3,3,2,5385000
Vivanuncios,"Boulevard Río Fuerte 2671Fraccionamiento Viñedos Residencial, Ahome",169,151,10,3,2,2,3400000
Vivanuncios,"RomaFraccionamiento Privanzas, Ahome",181,356,6,3,3,4,4100000
Vivanuncios,"Tulipanes 1153Fraccionamiento Jardines de Fátima, Ahome",232,160,15,3,2,2,4000000
Vivanuncios,"Magnolias 699Ahome, Sinaloa",120,90,10,3,2,1,1450000
Vivanuncios,"chiapasEl Chamizal, Ahome",147,100,12,2,1,1,1600000
Vivanuncios,"RIO SINALOAScally, Ahome",310,352,10,2,3,2,6500000
Vivanuncios,"Estero Capoa 52 Scally Los Mochis Ahome SinaloaLos Mochis, Ahome",392,600,45,3,4,4,4800000
Vivanuncios,"Avenida General Gabriel Leyva 2510Fraccionamiento Campanario, Ahome",62,133,10,2,1,1,1600000
Vivanuncios,"Bahía de Topolobampo 124Los Mochis, Ahome",467,960,30,5,5,4,15500000
Vivanuncios,"Calle Niños Heroes 322Ahome Centro, Ahome",180,110,10,3,2,2,2600000
Vivanuncios,"Anatonio OrtegaScally, Ahome",691,763,25,4,6,4,15000000
Vivanuncios,"blvd rio fuerteFraccionamiento Las Villas Residencial, Ahome",247,200,0,3,3,2,5600000
Vivanuncios,"CALLE ALFONSO CANO 561Fraccionamiento Del Parque, Ahome",133,189,18,3,2,2,1260000
Vivanuncios,"CALLE REFORMA 1463AnAhuac, Ahome",72,225,30,2,1,1,1050000
Vivanuncios,"Parque Sinaloa 601Fraccionamiento Del Parque, Ahome",269,164,30,4,2,3,4500000
Vivanuncios,"ANATOLIO ORTEGAScally, Ahome",186,211,28,3,3,2,3300000
Vivanuncios,"Urano 969Los Mochis, Ahome",304,323,5,3,4,4,6900000
Vivanuncios,"rio tamazulaScally, Ahome",228,230,17,3,3,2,3500000
Vivanuncios,"Calle Veracruz Nte.Los Mochis, Ahome",251,180,0,3,3,2,5900000
Vivanuncios,"Villa Romana 82Fraccionamiento Las Villas Residencial, Ahome",258,206,0,3,3,3,7860000
Vivanuncios,"FRANCISCO CEBALLOS RIOSFraccionamiento Francisco Ceballos, Ahome",53,160,30,2,1,1,360000
Vivanuncios,"CALLE VALLE DEL FUENTE NO. 2702, ESQ. VALLE GRANDEFraccionamiento Valle Bonito, Ahome",120,139,15,2,1,1,920000
Vivanuncios,"Calle Matamoros 1080Fraccionamiento Santa Teresa, Ahome",165,123,0,3,2,2,3450000
Vivanuncios,"Blvd. Canuto Ibarra Flores o Rio de Las Cañas 1640 Fraccionamiento Las PalmasLos Mochis, Ahome",233,139,31,3,2,2,3500000
Vivanuncios,"Corregidora 1346AnAhuac, Ahome",401,419,25,4,4,2,6500000
Vivanuncios,"Las Villas ResidencialFraccionamiento Las Villas Residencial, Ahome",210,192,10,3,2,1,6640000
Vivanuncios,"Bahía de Ohuira 262Los Mochis, Ahome",344,745,50,4,4,2,6500000
Vivanuncios,"guanajuatoFraccionamiento Bosques del Pedregal, Ahome",252,140,5,4,4,1,3150000
Vivanuncios,"CALLE ANGOSTURA, LOTE 46, MZ 8, FRACCIONAMIENTO AYUNTAMIENTO 75Los Mochis, Ahome",86,140,17,2,1,1,550000
Vivanuncios,"CALLE HERIBERTO VALDEZ 2402 PTE.Alfonso G Calderón, Ahome",126,720,13,2,1,1,720000
Vivanuncios,"Calle Pioneros Privada Quinta RealFraccionamiento Santa Teresa, Ahome",165,153,15,3,2,2,4500000
Vivanuncios,"Calle Ceibas & EneroFraccionamiento Álamos, Ahome",236,160,15,3,3,2,2500000
Vivanuncios,"Netzahualcóyotl 345Fraccionamiento Sinaloa, Ahome",344,611,6,3,1,2,5000000
Vivanuncios,"Rivera de Los Alamos 828Fraccionamiento Paseo Alameda, Ahome",133,280,10,3,2,2,2300000
Vivanuncios,"Calle Huanacastes 1205Fraccionamiento Álamos, Ahome",125,140,10,3,2,1,1350000
Vivanuncios,"2055 Boulevard MorelosMorelos, Ahome",175,440,30,3,1,2,1500000
Vivanuncios,"Alfonso G. Calderón 173512 de Octubre, Ahome",155,108,0,2,2,1,4380000
Inmuebles24,Morelos 743,397,166,20,7,4,2,4800000
Inmuebles24,"2do. Rtno del Chivero, Fraccionamiento Centro Plaza Mochis, Ahome",260,126,7,3,2,3,3300000
Inmuebles24,"Monte Verde 91,Fraccionamiento Montebello, Ahome",275,144,5,4,4,2,4380000
Inmuebles24,"Avenida Cerro del Maviri, Fraccionamiento Versalles Residencial, Ahome",105,122,15,3,1,2,1980000
Inmuebles24,"PRIVADA ALCAZABA, Residencial Portal de Hierro, Ahome",209,209,0,3,3,2,4850000
Inmuebles24,"Bari 63, Fraccionamiento Las Villas Residencial, Ahome",210,192,5,3,3,2,6800000
Inmuebles24,"Angel Flores 2159, Fraccionamiento Las Fuentes, Ahome",249,308,25,4,3,1,3450000
Inmuebles24,"Calle Niños Heroes 322, Ahome Centro, Ahome",180,110,10,3,2,2,2600000
Inmuebles24,"Roma, Fraccionamiento Privanzas, Ahome",181,356,6,3,3,4,4100000
Inmuebles24,"Magnolias 699, Ahome, Sinaloa",90,90,10,3,2,1,1450000
Inmuebles24,"Bahía de Topolobampo 124, Los Mochis, Ahome",467,960,30,5,5,4,15500000
Inmuebles24,"Boulevard Río Fuerte 2671, Fraccionamiento Viñedos Residencial, Ahome",169,151,10,3,2,2,3400000
Inmuebles24,"RIO SINALOA, Scally, Ahome",310,352,10,2,3,2,6500000
Inmuebles24,"BLVD. VERACRUZ, Fraccionamiento Real del Country, Ahome",210,180,0,3,3,2,5385000
Inmuebles24,"Anatonio Ortega, Scally, Ahome",691,763,15,4,6,4,15000000
Inmuebles24,"Tulipanes 1153, Fraccionamiento Jardines de Fátima, Ahome",232,160,15,3,2,2,4000000
Inmuebles24,Estero Capoa 52 Scally Los Mochis Ahome Sinaloa,392,600,45,3,4,4,4800000
Inmuebles24,"Chiapas, El Chamizal, Ahome",147,100,12,2,1,1,1600000
Inmuebles24,"Avenida General Gabriel Leyva 2510, Fraccionamiento Campanario, Ahome",62,133,10,2,1,1,1600000
Inmuebles24,"blvd rio fuerte, Fraccionamiento Las Villas Residencial, Ahome",247,200,0,3,3,2,5600000
Inmuebles24,"Corregidora 1346, AnAhuac, Ahome",401,419,25,4,4,2,6500000
Inmuebles24,"Villa Romana 82, Fraccionamiento Las Villas Residencial, Ahome",258,206,0,3,3,3,7860000
Inmuebles24,"rio tamazula, Scally, Ahome",228,230,7,3,3,2,3500000
Inmuebles24,"CALLE VALLE DEL FUENTE NO. 2702, ESQ. VALLE GRANDE, Fraccionamiento Valle Bonito, Ahome",120,139,15,2,1,1,920000
Inmuebles24,"ANATOLIO ORTEGA, Scally, Ahome",186,211,28,3,3,2,3300000
Inmuebles24,"Padre Kino 888, Los Mochis, Ahome",241,196,13,3,2,2,4690000
Inmuebles24,"CALLE ANGOSTURA, LOTE 46, MZ 8, FRACCIONAMIENTO AYUNTAMIENTO 75, Los Mochis, Ahome",86,140,17,2,1,1,550000
Inmuebles24,"Bahía de Ohuira 262, Los Mochis, Ahome",344,745,50,4,4,2,6500000
Inmuebles24,"Blvd. Canuto Ibarra Flores o Rio de Las Cañas 1640 Fraccionamiento Las Palmas, Los Mochis, Ahome",233,139,31,3,2,2,3500000
Lamundi,"residencial quintas de Cortez, Paseo de las Aves, Ahome, Sinaloa",229,193,0,3,2.5,2,4500000
Lamundi,"Valle Alto Residencial, Los Mochis, Sinaloa.",271,190,0,3,3,2,7000000
Lamundi,"Valle Alto Residencial, Los Mochis, Sinaloa.",176,190,0,3,3,2,5300000
Lamundi," Villas de Cortez, Los Mochis, Sinaloa. Santa Teresa, Ahome, Sinaloa",166,134,10,5,1,1,2300000
Lamundi,"Viñedo de Champaña #995, Fracc. Viñedos",162,157,12,3,2,2,4000000
Lamundi,"Callejon Juan de la Barrera #1186 Ote, Jiquilpan 2",120,118,25,2,1,1,1200000
Lamundi,"COL. LIBERTAD, LOS MOCHIS, SINALOA.",190,236,30,3,2,2,9000000
Lamundi," MERLOT, VIÑAS NORTE, Los Viñedos, Ahome, Sinaloa",162,159,0,3,2,2,4395109
Lamundi,"CASA EN VENTA, Juarez #1571, Villa Owen, Jiquilpan 2, Ahome, Sinaloa",262,152,15,4,2,2,2500000
Lamundi,"Alfonso Cano#328 Ote, Fracc. El Parque, Del Parque, Ahome, Sinaloa",205,184,25,3,2,2,2300000
Lamundi,"CASA CABERNET, VIÑAS NORTE, Los Viñedos, Ahome, Sinaloa",174,162,0,3,2,2,4799947
Lamundi,"C. Horizontal Degollado #1800-32, Priv. La Serena Residencial, Las Fuentes, Ahome, Sinaloa",648,900,30,5,2,3,15000000
Lamundi," C. Ayuntamiento #788, Col. Margarita, Margarita, Ahome, Sinaloa",350,368,30,3,1,1,2700000
Lamundi,"Netzahualcoyotl #478, Col. Bienestar, Bienestar, Ahome, Sinaloa",181,300,30,5,2,2,2300000
Lamundi,"Privada Allende #256 Pte., Los Mochis, Bienestar, Ahome, Sinaloa",220,160,20,2,1,1,3000000
Lamundi,"las Misiones, Los Mochis, Sinaloa, Las Misiones, Ahome, Sinaloa",358,384,15,3,2,2,7300000
Lamundi," Av. Agustina Ramirez #1185, Fracc. Sierra Bonita, Sierra Bonita, Ahome, Sinaloa",101,107,10,1,1,1,1300000
Lamundi," Alcázar del Country, Los Mochis, Sinaloa, Francisco Villa, Ahome, Sinaloa",220,198,5,3,2,2,6350000
Lamundi,"Naranjo #1969, Fraccionamiento Los Naranjos, Los Naranjos, Ahome, Sinaloa",214,131,10,4,2,1,2800000
Lamundi," Circuito Privanzas Milan #396, Privanzas, Ahome Centro, Ahome, Sinaloa",223,233,10,4,2,2,3000000
Lamundi,"Callejon Agustin Melgar #137, entre Gmo. Prieto y Allende, Colonia Centro, Los Mochis Centro, Ahome, Sinaloa",273,173,25,7,3,0,5500000
Lamundi,"Blvd. Las Palmas #2292, Fracc. Centro Plaza Versalles, Mallorca, Ahome, Sinaloa",226,121,5,4,2.5,2,3800000
Lamundi,"CALLE ALGECIRAS #3934, FRACC. ANDALUCIA, Ahome Centro, Ahome, Sinaloa",81,133,25,2,1,0,1690000
Lamundi,"Topolobampo, Sinaloa.",101,185,15,1,1,1,500000
Lamundi,"Residencial Portal de Hierro, Los Mochis, Sinaloa.",251,220,5,4,2.5,2,6000000
Lamundi,"CASA  CHARDONNAY, VIÑAS NORTE,Los Viñedos, Ahome, Sinaloa",172,162,0,3,2.5,2,4741562
Lamundi,"Rio Santa Catalina #2141, Villas Monterrey, Campanario, Ahome, Sinaloa",96,126,10,2,1,1,1500000
Lamundi,"Callejon Juan de la Barrera #1186 Ote, Jiquilpan 2, Ahome, Sinaloa",120,118,15,2,1,1,1200000
Lamundi,"Blvd. del Bosque #1879, Jardines del Bosque, Jardines del Bosque, Ahome, Sinaloa",66,151,10,2,1,1,1500000
Lamundi,"Juarez #1571, Villa Owen, Jiquilpan 2, Ahome, Sinaloa",262,152,5,4,2.5,2,2500000
Lamundi,"2do Andador Alcanfor #1010, Fovissste 2",183,117,30,4,2,1,2300000
Lamundi,"Fraccionamiento Centro Plaza. Municipio de Ahome, Sinaloa.",260,126,5,3,2.5,2,3300000
Lamundi,"Santa Teresa, Ahome, Sinaloa",140,110,10,3,2.5,2,5500000
Lamundi,"Valle Bonito, Ahome, Sinaloa",120,138,5,2,1,1,920000
Lamundi,"Cuauhtémoc, Ahome, Sinaloa",232,180,10,3,2,1,1980000
Lamundi,"Alfonso G Calderón, Ahome, Sinaloa",126,160,10,2,1,1,720000
Lamundi,"Del Parque, Ahome, Sinaloa",133,189,20,3,2,1,1260000
Lamundi,"LAZARO CARDENAS CASA VENTA LOS MOCHIS SINALOA, Cuauhtémoc, Ahome, Sinaloa",131,131,15,2,1,1,567000
Lamundi,"SINALOA-JOSE MARIA MORELOS CENTRO-Los Mochis Centro, Ahome, Sinaloa",479,360,20,4,5,2,3000000
Century21,"MISIÓN NUESTRA SEÑORA DE LORETO 4089 SUR , Las Misiones, Ahome, Sinaloa",358.2,384,15,3,2,4,7300000
Century21,"FRANCISCO JAVIER MINA 1393 , Jiquilpan 2, Ahome, Sinaloa",105,61.4,20,4,2,0,1100000
Century21,"BLVD PIONERO DEL VALLE, MODELO LA VIÑA S/N , Las Villas Residencial, Ahome, Sinaloa",176.7,190.8,10,3,3,2,5300000
Century21,"Misioneros 2350 , Villa De Cortez, Ahome, Sinaloa",166.4,134.4,5,5,1,1,2300000
Century21,"Palmar, Modelo Chardonnay entre Rio Fuerte y Rio Presidio , Residencial Viñedos, Ahome, Sinaloa",172.2,162,10,3,2,2,4741561
Century21,"Palmar, Modelo Merlot entre Rio Fuerte y Rio Presidio , Residencial Viñedos, Ahome, Sinaloa",162,159.6,10,3,2,2,4395108
Century21,"Palmar, Modelo Cabernet entre Rio Fuerte y Rio Presidio , Residencial Viñedos, Ahome, Sinaloa",174.3,162,10,3,2,2,4799946
Century21,"Carranza 247 , Los Mochis Centro, Ahome, Sinaloa",276,434,25,4,4,4,5500000
Century21,"ALGECIRAS 3934 , Las Flores, Ahome, Sinaloa",815,133,10,2,1,1,1690000
Century21,"BEBELAMAS 2007 , Prados Del Sur, Ahome, Sinaloa",54.9,133.9,10,1,1,1,1170000
Century21,"Estado de Hidalgo 2077 Pte , Libertad, Ahome, Sinaloa",190,236,25,3,1,1,900000
Century21,"BLVD PIONEROS DEL VALLE, MODELO VALLE DE GUADALUPE-B S/N , Las Villas Residencial, Ahome, Sinaloa",271.7,190.8,5,3,3,2,7000000
Century21,"Callejon Agustin Melgar #137, entre Gmo. Prieto y Allende, Colonia Centro",273,173.6,30,7,7,0,5500000
Century21,"Juarez #1571, Ote , Villa Owen, Ahome, Sinaloa",262,152,15,4,3,2,2500000
Century21,"PASEO DE ALBARRADA 3292 , 9 De Diciembre, Ahome, Sinaloa",251.1,220,20,4,4,1,6000000
Century21,"Blvd. del Bosque #1879 , Jardines del Bosque, Ahome, Sinaloa",66.8,151.8,15,2,2,2,1500000
Century21,"Naranjo #1969 , Los Naranjos, Ahome, Sinaloa",214.4,131.2,15,4,4,1,2800000
Century21,"Acqua #868 , Las Villas Residencial, Ahome, Sinaloa",206.6,160,10,3,2,2,4700000
Century21,"Horizontal Degollado #1800-32 , Las Fuentes, Ahome, Sinaloa",648,900,20,5,5,4,15000000
Century21,"Rio Santa Catalina #2141 , Villas Monterrey, Ahome, Sinaloa",96,126,10,2,1,2,1500000
Century21,"Privada Allende 256 Pte , Bienestar, Ahome, Sinaloa",220,160,5,2,2,1,3000000
Century21,"Codigo Agrario #1320 , Residencial Campestre, Ahome, Sinaloa",211,134.6,7,3,3,1,3000000
Century21,"Blvd. Las Palmas #2292 , Centro Plaza Mochis Secc. Versalles, Ahome, Sinaloa",226,121.6,5,4,2,2,3800000
Century21,"Viñedo de Champaña #995 , Residencial Viñedos, Ahome, Sinaloa",162.7,157.5,15,3,2,2,4000000
Century21,"Real del Oro #336 Sur , Realito, Ahome, Sinaloa",84,133,20,2,1,2,950000
Century21,"Circonia #891 , Residencial Viñedos, Ahome, Sinaloa",133,137,15,3,2,1,3200000
Century21,"CASA EN VENTA, Av. Agustina Ramirez #1185, Fracc. Sierra Bonita",101,107.2,10,2,1,1,1300000
Century21,"Alfonso Cano #328 Ote. , El Parque, Ahome, Sinaloa",205,184,25,3,2,1,3200000
Century21,"Av. Serdan #670 Pte , Los Mochis Centro, Ahome, Sinaloa",132.3,154,20,3,3,0,1300000
Inm. Ahome,FRACC ALBORADA RESIDENCIAL,65,126,7,2,2,2,1450000
Inm. Ahome,FRAC PRADOS DEL SUR ,115.37,134.3,7,2,1,1,1720000
Inm. Ahome,FRACC VIÑEDOS,96,144,12,3,2,1,2400000
Inm. Ahome,RESIDENCIAL ALBORADA,125,142,7,3,3,2,2800000
Inm. Ahome,FRAC LAS DELICIAS,217.39,165.2,25,3,3,1,2700000
Inm. Ahome,FRACC BOSQUES DEL PEDREGAL,214,140,15,4,3,2,3000000
Inm. Ahome,FRACC JORDAN MADERO,467.5,960,25,5,6,2,15000000
Inm. Ahome,FRACC PASEO DE LAS AVES,65,122.85,15,2,1,1,1480000
Inm. Ahome,FRACC MONTFERRANT,135,144,25,2,1,1,2400000
Inm. Ahome,FRACC CEDROS,265,126,20,4,4,1,3500000
Inm. Ahome,PRIVANZAS RESIDENCIAL,181.71,356.48,10,3,3,1,4100000
Inm. Ahome,FRACC DEL REAL,177,174,20,4,4,1,1700000
Inm. Ahome,BOSQUES DEL PEDREGAL,252,140,10,4,5,2,3150000
Inm. Ahome, LAS VILLAS PRIVADA VILLA NIZA,210,192.57,5,3,3,2,6640000
Inm. Ahome,COL CENTRO ,180.24,110.9,30,3,2,2,2600000
Inm. Ahome,FRACC ARBOLEDAS,120.38,90,30,3,2,1,1450000
Inm. Ahome,FRACC CAMPANARIO,62,133,15,2,1,1,1600000
Inm. Ahome,FRACC JARDINES DE FATIMA,232.65,160,25,3,3,2,4000000
Inm. Ahome, FRACC ALAMOS I,236,160,15,3,4,2,2500000
Inm. Ahome,FRACCIONAMIENTO BUENA VISTA,47,90,10,2,1,1,940000
Inm. Ahome,FRACC VIÑEDOS,169.89,151.81,15,3,3,1,3400000
Inm. Ahome,Tercer Andador Guayacan 1068 poniente,185,144.8,10,4,2,1,1450000
Inm. Ahome," Ejido Felipe Angeles 854, Col. TABACHINES",206,216,30,3,2,1,1300000
Inm. Ahome,FRACC GASTELUM,343.34,596.3,30,4,2.5,2,8500000
Inm. Ahome,Col. Scally o Jordan Madero,392.88,600,35,3,4,4,4800000
Inm. Ahome,Ejido 9 de Diciembre.,204.22,102.12,25,3,2,2,1380000
Inm. Ahome,FRACC SCALLY,401.74,365.52,25,4,5,2,6950000
Inm. Ahome,"JOSE MARIA MORELOS, Col. VILLA OWEN. Entre ESQUINA CON BLVD. CHIHUAHUITA y EJIDO BENITO JUAREZ",133,140,20,3,3,2,3019000
Inm. Ahome,"JOSE MARIA MORELOS, Col. VILLA OWEN. Entre EJIDO BENITO JUAREZ y BLVD. CHIHUAHUITA",121,140,18,3,3,1,2320000
Inm. Ahome,CASA VENTA Privada La Serena (Las Fuentes) Los Mochis,573.49,470,30,4,6,4,14250000
Inm. Ahome,Colonia Scally,548.22,543.75,25,4,7,4,9500000
Inm. Ahome,Fraccionamiento Las Fuentes,365.83,455,25,4,6,3,5100000
Inm. Ahome,COL. JARAMILLO,327.36,200,25,4,2,1,1550000
Inm. Ahome, FRACC EL PARQUE,268.36,164,20,4,3,3,4500000
Inm. Ahome,Colonia Scally,349.52,390,25,3,4,2,4800000
Inm. Ahome,"Boulevard Canuto Ibarra Guerrero 1640, Col. Las Palmas. Esq. con esquina con Calle Palma.",233.62,139.4,31,3,3,2,3500000
Inm. Ahome,PRIVADA RESIDENCIAL LAS MISIONES,323.8,384,15,4,6,4,5950000
Inm. Ahome,"PRIVADA VILLA ANTIGUA, LOS MOCHIS",275,162,8,3,5,2,6950000
Inm. Ahome,Fracc. Las Palmas,468.55,367.8,20,4,5,2,8650000
Inm. Ahome,Fraccionamiento Cedros.,53.07,126,20,2,1,2,1170000
Inm. Ahome," Bahía de Ohuira 262, Col. Grijalva. Esq. con Entre Independencia y Fco I Madero.",344.4,745.6,20,4,4,2,6500000
Inm. Ahome,FRACC SANTA TERESA,165,123,15,3,3,1,3450000
Inm. Ahome,RESIDENCIAL PASEO ALAMEDA,133,280,15,3,2,1,2300000
Inm. Ahome,COLONIA ANAHUAC,401,419,30,4,5,1,6500000
